<?xml version="1.0" encoding="UTF-8"?>
<project-private xmlns="http://www.netbeans.org/ns/project-private/1">
    <editor-bookmarks xmlns="http://www.netbeans.org/ns/editor-bookmarks/2" lastBookmarkId="0"/>
    <open-files xmlns="http://www.netbeans.org/ns/projectui-open-files/2">
        <group>
            <file>file:/C:/xampp/htdocs/RilevamentoWiFi/application/controller/home.php</file>
            <file>file:/C:/xampp/htdocs/RilevamentoWiFi/application/views/admin/datiPersonali.php</file>
            <file>file:/C:/xampp/htdocs/RilevamentoWiFi/application/models/connection.php</file>
        </group>
    </open-files>
</project-private>
